"ID_wyscigu","ID_Regat","Numer_wyscigu","Finalowy"
"138801","23242296","6","0"
"208659","73972099","20","0"
"350919","34786669","5","0"
"363983","21078561","4","0"
"391439","81519758","5","0"
"435321","78707344","7","0"
"451822","21078561","1","0"
"476125","81519758","14","0"
"526343","42322105","14","0"
"538162","66750266","1","0"
"590998","59294752","7","0"
"767820","81519758","6","0"
"780039","39731721","6","0"
"934264","40323829","1","0"
"960995","69259421","2","0"
"1055209","48680673","6","0"
"1193193","73972099","9","0"
"1341423","16116614","14","0"
"1540936","52984811","7","0"
"1612391","69259421","1","0"
"1656268","16432618","7","0"
"1688968","41227949","1","0"
"1730011","20201142","7","0"
"1866677","1584594","11","0"
"1903620","19492707","11","0"
"1922482","72158401","9","0"
"1923615","11291612","6","0"
"1957833","21078561","2","0"
"1962757","73972099","16","0"
"2046722","42322105","13","0"
"2189720","76884717","11","0"
"2218114","16117658","7","0"
"2228923","76884717","7","0"
"2516236","50632845","8","0"
"2572610","31071604","6","0"
"2623359","7819477","9","0"
"2728101","27131848","4","0"
"2771213","72722761","6","0"
"2840417","16116614","2","0"
"2884984","86083690","5","0"
"3216569","76884717","4","0"
"3412673","72722761","3","0"
"3416422","59734039","1","0"
"3854130","42322105","4","0"
"4048836","53378923","13","0"
"4431848","11291612","4","0"
"4482395","40323829","7","0"
"4727891","59734039","12","0"
"4805377","19492707","7","0"
"5217731","76884717","5","0"
"5251615","11173302","1","0"
"5299689","96787646","10","0"
"5440379","72731202","6","0"
"5511604","34786669","3","0"
"5941136","11291612","3","0"
"5950772","74940339","11","0"
"6014968","14732889","1","0"
"6255790","68966834","9","0"
"6417530","85326506","21","0"
"6558432","1584594","17","0"
"6787167","28212392","10","0"
"6863565","72686373","7","0"
"6893400","73972099","12","0"
"6973817","31071604","5","0"
"6979461","70902597","2","0"
"6990805","75270731","2","0"
"7360811","77100366","9","0"
"7367295","86083690","3","0"
"7383424","42322105","8","0"
"7491162","20201142","5","0"
"8043252","4685116","14","0"
"8110448","85326506","10","0"
"8182901","76884717","6","0"
"8189601","52984811","6","0"
"8412702","97148389","2","0"
"8455028","44960821","20","0"
"8461682","72870325","3","0"
"8528811","42903369","8","0"
"8575304","65285653","5","0"
"8930074","44960821","18","0"
"8989557","9304588","2","0"
"9044993","44960821","15","0"
"9246675","11291612","1","0"
"9395757","46476906","22","0"
"9489234","20201142","10","0"
"9678100","28212392","11","0"
"9723435","97148389","10","0"
"9730103","98027676","3","0"
"9793917","81519758","9","0"
"9948115","16400118","6","0"
"10021753","27131848","1","0"
"10164333","99194464","2","0"
"10283037","80803598","26","0"
"10298396","73972099","25","0"
"10328088","85326506","14","0"
"10348593","4685116","13","0"
"10378819","23503367","7","0"
"10492249","76884717","12","0"
"10571389","52984811","2","0"
"10573240","48680673","9","0"
"10804640","9923664","7","0"
"10873416","66750266","3","0"
"11035564","80803598","17","0"
"11097575","39885461","8","0"
"11268875","61637084","1","0"
"11311215","32915456","7","0"
"11378372","35162940","11","1"
"11436266","66750266","2","0"
"11476875","96613811","10","0"
"11567738","98027676","19","0"
"11574814","16116614","5","0"
"11687695","72686373","5","0"
"11773348","23242296","4","0"
"11928401","99194464","15","0"
"12033131","1584594","18","0"
"12117186","78707344","3","0"
"12139533","42322105","15","0"
"12177785","20201142","2","0"
"12208248","19492707","5","0"
"12301209","39731721","1","0"
"12334729","9304588","5","0"
"12744248","79990660","8","0"
"12786790","80803598","10","0"
"13050985","7819477","5","0"
"13280477","34461511","3","0"
"13281479","23503367","2","0"
"13364188","50632845","7","0"
"13412843","9664111","6","0"
"13452466","51626046","1","0"
"13591890","10285883","13","0"
"13624905","16116614","11","0"
"13703977","97148389","11","0"
"13710943","53378923","6","0"
"13749476","23242296","12","0"
"13844239","32915456","4","0"
"13932994","10285883","14","0"
"14027721","51626046","13","0"
"14186101","1584594","7","0"
"14237237","16116614","6","0"
"14285096","85326506","15","0"
"14327726","69259421","9","0"
"14373557","87373489","9","0"
"14453711","77100366","12","0"
"14758894","23242296","2","0"
"14841181","42322105","1","0"
"14878837","44960821","6","0"
"14961816","56840754","3","0"
"14999474","9923664","6","0"
"15175743","10285883","8","0"
"15177722","72731202","1","0"
"15189074","16400118","1","0"
"15272233","50632845","12","0"
"15291303","41227949","7","0"
"15348702","16117658","4","0"
"15479323","56595466","3","0"
"15481950","59734039","3","0"
"15507243","51774063","9","0"
"15595527","39731721","2","0"
"15601875","39885461","9","0"
"15915689","79125934","3","0"
"15973047","51626046","3","0"
"16012510","94367801","4","0"
"16074965","40323829","6","0"
"16186781","79990660","6","0"
"16196349","34786669","7","0"
"16251074","59734039","5","0"
"16288442","48680673","11","0"
"16491276","23503367","8","0"
"16556341","75270731","1","0"
"16680302","46476906","9","0"
"16748448","32915456","3","0"
"16754794","72870325","10","0"
"16825540","96613811","12","0"
"16860843","59734039","9","0"
"16940034","77100366","1","0"
"17125143","16861691","2","0"
"17144545","79701472","13","0"
"17362010","59609769","3","0"
"17381538","32915456","11","0"
"17411409","44960821","7","0"
"17447608","31071604","7","0"
"17696366","23242296","5","0"
"17806616","75270731","11","0"
"17875383","75270731","6","0"
"17926643","44960821","21","0"
"18270010","86083690","10","0"
"18508406","85657695","12","0"
"18575168","20201142","11","0"
"18596175","59734039","11","0"
"18641119","72731202","7","0"
"18721769","48680673","4","0"
"18991045","79990660","10","0"
"19071993","77100366","4","0"
"19155928","75270731","4","0"
"19261388","31071604","9","0"
"19287685","39885461","2","0"
"19307584","73972099","1","0"
"19393127","9923664","4","0"
"19410682","97148389","7","0"
"19690214","46476906","12","0"
"19798054","23503367","3","0"
"19835759","56840754","7","0"
"19892586","96787646","12","0"
"19960768","78707344","5","0"
"20058261","85657695","9","0"
"20091999","16861691","4","0"
"20304840","9304588","4","0"
"20315379","99194464","6","0"
"20522304","56595466","6","0"
"20611740","99194464","7","0"
"20776504","79701472","3","0"
"21044606","56595466","5","0"
"21123409","23242296","11","0"
"21134369","8389469","2","0"
"21178741","40323829","5","0"
"21273123","8389469","7","0"
"21297931","14732889","9","0"
"21473039","46597156","2","0"
"21481108","8389469","0","0"
"21689275","40323829","11","0"
"21711068","79772225","4","0"
"21804981","32915456","13","0"
"21912471","98027676","7","0"
"21915677","87373489","8","0"
"21921716","97148389","4","0"
"22087416","70902597","4","0"
"22176482","11173302","8","0"
"22238147","69259421","8","0"
"22344339","99194464","11","0"
"22440667","48680673","7","0"
"22562408","1584594","14","0"
"22614292","16432618","5","0"
"22868740","21078561","3","0"
"22870687","97148389","5","0"
"22879297","76884717","10","0"
"23042356","79772225","6","0"
"23162636","51774063","4","0"
"23265372","75270731","13","0"
"23314882","52984811","16","0"
"23315710","65285653","2","0"
"23340623","69259421","5","0"
"23374676","39731721","9","0"
"23395546","46476906","13","0"
"23404478","80803598","16","0"
"23598062","98027676","2","0"
"23644797","79772225","8","0"
"23700310","16116614","15","0"
"23846983","34461511","1","0"
"23851549","52984811","18","0"
"23986305","72731202","2","0"
"24299137","42903369","5","0"
"24326347","85657695","3","0"
"24363227","50632845","5","0"
"24524736","9664111","0","0"
"24594770","42322105","16","0"
"24655306","94367801","9","0"
"24684776","34786669","13","0"
"24705282","23503367","6","0"
"24711817","66750266","4","0"
"24794105","72722761","7","0"
"24812648","71128501","4","0"
"25083360","34461511","12","0"
"25348582","28212392","8","0"
"25456159","16432618","9","0"
"25586262","85326506","13","0"
"25825041","4685116","11","0"
"25956435","44960821","11","0"
"25965086","35162940","4","0"
"26004031","46476906","2","0"
"26234190","16432618","0","0"
"26357905","70902597","0","0"
"26371834","96613811","1","0"
"26386555","1584594","1","0"
"26615959","39885461","12","0"
"26694370","52984811","21","0"
"26725161","40323829","10","0"
"27065248","98027676","14","0"
"27123262","73972099","3","0"
"27187115","79990660","1","0"
"27216135","97148389","12","0"
"27217008","66750266","5","0"
"27220543","75270731","15","0"
"27354719","51774063","3","0"
"27363697","56840754","13","0"
"27396304","99194464","16","0"
"27423829","11173302","10","0"
"27607797","73972099","17","0"
"27757259","79701472","15","0"
"27898788","74940339","10","0"
"27925577","86083690","12","0"
"28070015","77100366","8","0"
"28102376","79125934","4","0"
"28334227","28212392","2","0"
"28414441","48680673","3","0"
"28463957","80803598","2","0"
"28856080","34461511","11","0"
"28917660","99194464","8","0"
"28957878","46476906","21","0"
"29000932","59734039","8","0"
"29352261","16117658","12","0"
"29409356","34786669","6","0"
"29449120","42322105","10","0"
"29530002","97148389","9","0"
"29771135","79103275","8","0"
"30203030","9304588","9","0"
"30219184","94367801","1","0"
"30300363","85657695","11","0"
"30551147","39885461","13","0"
"30677689","85657695","8","0"
"30734636","27131848","3","0"
"30754583","1584594","4","0"
"30776391","23242296","9","0"
"30789057","56595466","9","0"
"31010092","52984811","23","0"
"31076210","79772225","5","0"
"31137531","79701472","12","0"
"31217293","90193164","3","0"
"31381239","80803598","8","0"
"31480866","59734039","15","0"
"31530972","85326506","17","0"
"31660026","53378923","9","0"
"31755781","80803598","23","0"
"31781499","65285653","1","0"
"31929099","46476906","24","0"
"32258025","52984811","27","0"
"32344330","56595466","7","0"
"32347789","77100366","17","0"
"32436448","79990660","11","0"
"32454426","19492707","6","0"
"32672893","98027676","11","0"
"32823273","81519758","12","0"
"32824301","34786669","4","0"
"32850451","51626046","10","0"
"32856669","48680673","2","0"
"33129539","9923664","12","0"
"33273748","50632845","2","0"
"33367749","31071604","10","0"
"33430804","21078561","8","0"
"33453089","59609769","7","0"
"33666732","79701472","9","0"
"33685842","75270731","5","0"
"33689488","11173302","3","0"
"33838906","77100366","18","0"
"34008829","96787646","1","0"
"34027180","96787646","9","0"
"34043045","59734039","7","0"
"34282873","9923664","8","0"
"34352116","31071604","8","0"
"34387659","46597156","7","0"
"34440399","56840754","15","0"
"34637062","74940339","8","0"
"34707026","1584594","19","0"
"34755141","73972099","4","0"
"34757995","44960821","14","0"
"34766595","72686373","1","0"
"34834952","23242296","1","0"
"34839098","72158401","10","0"
"34957142","14732889","11","0"
"34985354","16117658","11","0"
"35035490","11291612","2","0"
"35070569","8389469","6","0"
"35115420","79103275","3","0"
"35133569","16117658","6","0"
"35271001","73972099","15","0"
"35300972","23242296","8","0"
"35301134","79701472","14","0"
"35364892","52984811","4","0"
"35400143","72731202","5","0"
"35420004","69259421","6","0"
"35466641","79103275","2","0"
"35519396","51626046","6","0"
"35579421","87373489","6","0"
"35698613","72870325","12","0"
"36145374","56595466","10","0"
"36372050","28212392","1","0"
"36397491","39731721","8","0"
"36553150","75270731","3","0"
"36632652","85657695","4","0"
"36646608","69259421","11","0"
"36676783","59734039","16","0"
"36700170","74940339","5","0"
"36848132","75270731","14","0"
"36912286","76884717","1","0"
"37015272","21078561","9","0"
"37122733","81519758","8","0"
"37213777","21078561","10","0"
"37260041","32915456","5","0"
"37272278","75270731","12","0"
"37304251","27131848","10","0"
"37318437","79772225","12","0"
"37358298","20201142","12","0"
"37622054","68966834","8","0"
"37639906","73972099","7","0"
"37653993","72158401","5","0"
"37683669","97148389","6","0"
"37704924","34461511","8","0"
"37734886","85657695","5","0"
"37776849","59609769","8","0"
"37989934","56840754","6","0"
"38144980","42903369","4","0"
"38224899","96613811","9","0"
"38354687","42322105","12","0"
"38808090","98027676","13","0"
"38815461","8491828","5","0"
"39090361","11173302","7","0"
"39095089","34461511","2","0"
"39103887","42322105","5","0"
"39172226","74940339","4","0"
"39200759","19492707","9","0"
"39319830","9304588","12","0"
"39469219","51626046","5","0"
"39502289","41227949","3","0"
"39524171","48680673","8","0"
"39597751","79990660","5","0"
"39899245","51774063","1","0"
"39936529","60773118","4","0"
"40035427","50632845","9","0"
"40071058","80803598","19","0"
"40141179","94367801","7","0"
"40211693","9304588","3","0"
"40268151","87373489","4","0"
"40282305","31071604","12","0"
"40408463","11173302","13","0"
"40593295","90193164","11","0"
"40608446","10285883","12","0"
"40645410","39885461","5","0"
"40646197","73972099","18","0"
"40959251","40323829","12","0"
"41081597","66750266","9","0"
"41226239","73972099","5","0"
"41515994","96787646","6","0"
"41605983","14732889","10","0"
"41683847","80803598","9","0"
"41746460","35162940","7","0"
"41858754","42322105","2","0"
"41920752","80803598","13","0"
"42095056","90193164","10","0"
"42163611","46476906","3","0"
"42185389","94367801","2","0"
"42415719","28212392","4","0"
"42429115","78707344","4","0"
"42495553","8491828","3","0"
"42593376","79990660","9","0"
"42647118","56840754","9","0"
"42725657","11173302","2","0"
"42764700","76884717","9","0"
"43058086","46597156","3","0"
"43362619","56840754","11","0"
"43367021","42903369","9","0"
"43450607","90193164","4","0"
"43495236","50632845","3","0"
"43505297","44960821","19","0"
"43538686","65285653","4","0"
"43775929","28212392","7","0"
"43787408","98027676","1","0"
"43791329","87373489","2","0"
"43906560","42903369","3","0"
"44083005","96613811","7","0"
"44230068","32915456","12","0"
"44232716","56840754","12","0"
"44641029","96613811","4","0"
"44660925","42322105","11","0"
"44664935","71128501","1","0"
"44757489","39885461","15","0"
"44969305","19492707","10","0"
"45087055","72722761","2","0"
"45095088","44960821","1","0"
"45095437","52984811","8","0"
"45426403","7819477","6","0"
"45458248","85326506","1","0"
"45494788","14732889","3","0"
"45642110","79701472","1","0"
"45705359","59609769","6","0"
"45729581","44960821","16","0"
"45730985","86083690","4","0"
"45742213","81519758","7","0"
"45767302","94367801","3","0"
"45863347","7819477","1","0"
"45880337","35162940","10","0"
"45910789","60773118","5","0"
"46152592","20201142","1","0"
"46215132","9304588","10","0"
"46229115","133713","7","0"
"46378358","85326506","11","0"
"46416270","59609769","10","0"
"46460625","44960821","13","0"
"46696706","51774063","2","0"
"46747004","73972099","23","0"
"47035844","72686373","9","0"
"47044421","79103275","5","0"
"47056985","96787646","7","0"
"47061427","19492707","1","0"
"47074949","50632845","11","0"
"47113663","44960821","17","0"
"47156393","85657695","6","0"
"47165907","23242296","10","0"
"47182580","65285653","6","0"
"47264971","34786669","1","0"
"47272319","10285883","7","0"
"47357383","79990660","7","0"
"47409268","99194464","18","0"
"47551998","16400118","5","0"
"47616182","41227949","6","0"
"47844415","72686373","4","0"
"47862193","8491828","1","0"
"47938599","42322105","3","0"
"48216381","73972099","19","0"
"48319212","68966834","3","0"
"48381124","51626046","8","0"
"48648528","66750266","6","0"
"48835044","74940339","2","0"
"48887088","42903369","2","0"
"49001701","27131848","7","0"
"49107214","16116614","3","0"
"49151689","23503367","5","0"
"49413214","46476906","8","0"
"49488836","99194464","4","0"
"49558427","9304588","7","0"
"49633111","16861691","5","0"
"49633550","80803598","22","0"
"49637822","40323829","3","0"
"49699340","86083690","8","0"
"49774563","98027676","17","0"
"49985922","133713","3","0"
"50003665","35162940","1","0"
"50030723","80803598","7","0"
"50088792","72158401","2","0"
"50090210","31071604","13","0"
"50246740","16116614","9","0"
"50462640","23503367","9","0"
"50525751","87373489","7","0"
"50568944","79772225","1","0"
"50593675","72158401","6","0"
"50603783","53378923","10","0"
"50630381","16117658","2","0"
"50703394","96787646","11","0"
"50789145","80803598","11","0"
"50876251","68966834","7","0"
"51128143","98027676","21","0"
"51521870","9664111","5","0"
"51605728","96613811","5","0"
"51616493","50632845","4","0"
"51655978","69259421","10","0"
"51837881","79701472","7","0"
"51967681","97148389","1","0"
"52086385","73972099","14","0"
"52133740","42322105","6","0"
"52154487","85326506","2","0"
"52182520","4685116","2","0"
"52247218","44960821","5","0"
"52271954","14732889","2","0"
"52296235","73972099","2","0"
"52332534","46476906","19","0"
"52469784","10285883","2","0"
"52516788","80803598","21","0"
"52517642","71128501","2","0"
"52536772","77100366","14","0"
"52608027","77100366","3","0"
"52630165","9923664","2","0"
"52793029","10285883","1","0"
"52826252","80803598","25","0"
"52916651","68966834","1","0"
"52939239","46476906","10","0"
"53011928","98027676","10","0"
"53222645","48680673","10","0"
"53269955","78707344","11","0"
"53646297","11173302","11","0"
"53653775","59734039","6","0"
"53676151","96787646","2","0"
"53695792","16432618","4","0"
"53712339","79701472","2","0"
"53733842","77100366","13","0"
"54004647","39885461","6","0"
"54013601","79701472","5","0"
"54220153","52984811","15","0"
"54671385","79701472","8","0"
"54799426","56840754","4","0"
"54917095","10285883","4","0"
"54968361","46476906","11","0"
"55090013","98027676","18","0"
"55096754","34461511","7","0"
"55179857","8389469","5","0"
"55244558","70902597","3","0"
"55359242","53378923","1","0"
"55475929","59294752","3","0"
"55479901","79990660","2","0"
"55746897","59609769","11","0"
"55787757","39731721","7","0"
"55845574","86083690","7","0"
"56011172","39885461","7","0"
"56038563","78707344","1","0"
"56100586","44960821","4","0"
"56262529","51626046","4","0"
"56273425","8491828","4","0"
"56432696","78707344","6","0"
"56453907","59734039","14","0"
"56514672","32915456","9","0"
"56585357","16861691","3","0"
"56647307","74940339","0","0"
"56687445","41227949","5","0"
"56689855","59609769","4","0"
"56760967","66750266","8","0"
"56772858","4685116","5","0"
"56810418","16861691","1","0"
"56917135","39885461","1","0"
"57116103","69259421","13","0"
"57213767","10285883","6","0"
"57263959","48680673","1","0"
"57304906","46476906","20","0"
"57320994","46476906","1","0"
"57362164","59294752","8","0"
"57376538","31071604","2","0"
"57883924","11173302","15","0"
"57926344","90193164","8","0"
"58008274","59294752","2","0"
"58047198","11173302","14","0"
"58086279","16432618","3","0"
"58099105","44960821","8","0"
"58164681","14732889","8","0"
"58209963","23503367","1","0"
"58228814","16116614","1","0"
"58232821","80803598","15","0"
"58234947","23242296","13","0"
"58302938","72731202","3","0"
"58341710","46476906","5","0"
"58549010","44960821","9","0"
"58570167","16117658","5","0"
"58629556","27131848","2","0"
"58678967","99194464","9","0"
"58713653","1584594","2","0"
"58745698","68966834","6","0"
"58787436","7819477","2","0"
"58791567","34786669","11","0"
"58792979","56595466","4","0"
"59189890","77100366","10","0"
"59313212","4685116","6","0"
"59325469","39731721","18","0"
"59370556","133713","10","0"
"59440113","81519758","3","0"
"59559800","31071604","4","0"
"59666396","21078561","5","0"
"59786661","96787646","14","0"
"59811225","81519758","10","0"
"60118592","59609769","2","0"
"60129393","14732889","6","0"
"60243057","59734039","10","0"
"60294976","133713","6","0"
"60321730","79990660","3","0"
"60474151","4685116","3","0"
"60752863","27131848","5","0"
"60771479","42903369","1","0"
"60851757","85657695","1","0"
"60869009","98027676","12","0"
"60988710","80803598","1","0"
"61021108","51774063","6","0"
"61199283","4685116","12","0"
"61366625","59609769","9","0"
"61372341","39885461","4","0"
"61407212","94367801","8","0"
"61526300","42903369","6","0"
"61612958","8389469","1","0"
"61671673","96613811","14","0"
"61831165","9304588","11","0"
"62504747","46476906","23","0"
"62581765","11173302","9","0"
"62590074","11291612","5","0"
"62660038","97148389","3","0"
"63029245","80803598","4","0"
"63030885","9664111","3","0"
"63100327","98027676","6","0"
"63149617","77100366","11","0"
"63182620","46476906","14","0"
"63311553","8389469","3","0"
"63404461","7819477","10","0"
"63510805","51774063","8","0"
"63535404","79772225","7","0"
"63565105","32915456","1","0"
"63577055","51774063","5","0"
"63793674","79990660","4","0"
"63913808","90193164","1","0"
"64074362","77100366","5","0"
"64233506","85657695","2","0"
"64263311","80803598","18","0"
"64400944","79701472","6","0"
"64457604","72722761","5","0"
"64534107","87373489","1","0"
"64571290","76884717","8","0"
"64731294","16116614","13","0"
"64887292","16432618","10","0"
"64902026","53378923","12","0"
"65025594","65285653","7","0"
"65159415","23503367","10","0"
"65215015","74940339","9","0"
"65365821","52984811","26","0"
"65409348","23242296","3","0"
"65446073","59294752","6","0"
"65494525","34461511","13","0"
"65728667","46476906","25","0"
"65734973","1584594","16","0"
"65773712","9304588","6","0"
"65846915","35162940","5","0"
"65874786","46476906","26","0"
"65899034","39731721","19","0"
"65916035","60773118","3","0"
"65955599","9664111","1","0"
"66045383","52984811","19","0"
"66135623","85326506","3","0"
"66196175","23242296","7","0"
"66293235","11173302","4","0"
"66322431","42903369","7","0"
"66340676","16117658","8","0"
"66368510","61637084","5","0"
"66369873","77100366","2","0"
"66496201","73972099","22","0"
"66538135","98027676","22","0"
"66555280","16432618","8","0"
"66579669","72722761","1","0"
"66586774","31071604","3","0"
"66605556","39731721","12","0"
"66655720","42322105","7","0"
"66689074","9664111","4","0"
"66696486","53378923","14","0"
"66719065","133713","9","0"
"66740917","79103275","4","0"
"66756175","79103275","1","0"
"66775996","46597156","9","0"
"66790124","40323829","9","0"
"66790593","20201142","4","0"
"67026703","72158401","3","0"
"67028683","79701472","10","0"
"67044170","74940339","7","0"
"67212598","20201142","8","0"
"67275700","59734039","18","0"
"67303328","71128501","5","0"
"67388143","16117658","10","0"
"67476479","27131848","9","0"
"67611200","28212392","6","0"
"67730039","46476906","18","0"
"67801755","75270731","7","0"
"67836531","56840754","10","0"
"67837975","44960821","3","0"
"67894839","69259421","3","0"
"67900623","16117658","3","0"
"68052636","85326506","16","0"
"68179036","19492707","2","0"
"68191915","79103275","10","0"
"68250653","80803598","20","0"
"68487873","53378923","7","0"
"68726837","85657695","7","0"
"68727663","39731721","16","0"
"68728577","50632845","1","0"
"68770420","90193164","9","0"
"68876440","4685116","8","0"
"68930755","35162940","6","0"
"68998214","16400118","3","0"
"69070239","97148389","8","0"
"69215051","72731202","4","0"
"69219877","73972099","6","0"
"69460679","19492707","14","0"
"69525636","90193164","7","0"
"69597306","74940339","3","0"
"69746706","19492707","3","0"
"70070488","39731721","11","0"
"70145776","41227949","4","0"
"70307628","44960821","2","0"
"70328249","72686373","8","0"
"70358065","53378923","11","0"
"70438078","56595466","8","0"
"70478674","52984811","1","0"
"70577302","9923664","11","0"
"70723126","52984811","24","0"
"70891297","75270731","8","0"
"70932320","76884717","2","0"
"71090210","72870325","1","0"
"71114505","1584594","3","0"
"71175339","34786669","9","0"
"71179331","40323829","4","0"
"71353465","8491828","8","0"
"71391786","85326506","23","0"
"71513799","41227949","9","0"
"71717855","20201142","13","0"
"71733352","73972099","13","0"
"71734306","7819477","4","0"
"71843146","69259421","12","0"
"72117849","79772225","11","0"
"72210553","72158401","7","0"
"72295409","39731721","5","0"
"72383292","78707344","8","0"
"72389118","72686373","10","0"
"72392311","72870325","5","0"
"72486635","16116614","12","0"
"72495350","85326506","4","0"
"72609209","66750266","7","0"
"72618224","71128501","3","0"
"72974714","4685116","9","0"
"73073452","51626046","2","0"
"73079867","56840754","5","0"
"73188793","14732889","7","0"
"73289288","46597156","1","0"
"73318121","74940339","1","0"
"73424024","86083690","11","0"
"73443773","4685116","1","0"
"73738621","39885461","11","0"
"73799008","87373489","10","0"
"73932889","77100366","16","0"
"74032983","56840754","2","0"
"74108418","10285883","10","0"
"74280776","8491828","9","0"
"74285217","53378923","2","0"
"74286716","32915456","10","0"
"74331278","99194464","17","0"
"74561126","16861691","7","0"
"74705364","68966834","5","0"
"74789582","21078561","11","0"
"74825434","52984811","13","0"
"74843941","39731721","3","0"
"74910072","16116614","7","0"
"75007973","87373489","3","0"
"75037955","39731721","14","0"
"75055046","23503367","12","0"
"75080825","96613811","3","0"
"75142386","56595466","11","0"
"75310759","46597156","6","0"
"75550871","42322105","9","0"
"75553068","77100366","6","0"
"75556357","35162940","2","0"
"75578697","39885461","10","0"
"75613724","96613811","2","0"
"75779663","74940339","13","0"
"75873347","10285883","3","0"
"75928300","28212392","5","0"
"75937965","72731202","10","0"
"76103606","133713","8","0"
"76249989","34786669","2","0"
"76267507","59734039","2","0"
"76456922","69259421","4","0"
"76466792","72686373","3","0"
"76502756","39731721","17","0"
"76525525","71128501","6","0"
"76558081","41227949","11","0"
"76561225","51626046","11","0"
"76586715","90193164","6","0"
"76772552","7819477","3","0"
"77105727","8491828","7","0"
"77576138","39731721","13","0"
"77611172","85326506","22","0"
"77746840","86083690","6","0"
"77779147","81519758","11","0"
"77846032","72686373","2","0"
"77992043","9923664","9","0"
"78026289","44960821","10","0"
"78106925","46597156","5","0"
"78246807","85326506","9","0"
"78286505","1584594","8","0"
"78337783","39731721","4","0"
"78421047","59294752","4","0"
"78437239","133713","4","0"
"78441315","72870325","7","0"
"78584652","72870325","8","0"
"78669143","90193164","12","0"
"78734207","10285883","11","0"
"78765178","16432618","1","0"
"78792350","99194464","3","0"
"79027330","78707344","12","0"
"79068180","27131848","8","0"
"79181330","35162940","9","0"
"79269286","4685116","4","0"
"79444346","73972099","11","0"
"79560247","79772225","9","0"
"79577393","80803598","6","0"
"79715584","14732889","5","0"
"79787572","96613811","13","0"
"79833474","16432618","6","0"
"79874853","53378923","5","0"
"79997684","34786669","10","0"
"80349071","85326506","12","0"
"80386573","16861691","6","0"
"80452458","94367801","0","0"
"80597479","81519758","2","0"
"80635105","61637084","2","0"
"80719436","1584594","10","0"
"80776874","81519758","1","0"
"80928994","16432618","2","0"
"80952277","1584594","9","0"
"80979587","70902597","1","0"
"80996142","8491828","2","0"
"81011921","90193164","5","0"
"81111105","78707344","2","0"
"81329685","19492707","0","0"
"81464977","72870325","4","0"
"81522764","9664111","2","0"
"81549904","85326506","20","0"
"81747230","34786669","14","0"
"81881367","52984811","11","0"
"81902113","96613811","8","0"
"81907497","41227949","2","0"
"81945846","85326506","6","0"
"81953777","96787646","15","0"
"82194218","98027676","23","0"
"82231960","34786669","12","0"
"82294366","74940339","6","0"
"82324271","99194464","14","0"
"82433893","41227949","8","0"
"82493915","96787646","5","0"
"82573058","72158401","11","0"
"82739982","19492707","12","0"
"82745908","9923664","3","0"
"82794258","61637084","3","0"
"82884610","65285653","3","0"
"82948254","51774063","7","0"
"83065685","9304588","1","0"
"83096630","133713","2","0"
"83451179","7819477","7","0"
"83503996","44960821","12","0"
"83596217","28212392","9","0"
"83673406","76884717","3","0"
"83747523","80803598","3","0"
"83799132","20201142","3","0"
"83846951","9664111","7","0"
"84008404","46476906","7","0"
"84014342","16432618","11","0"
"84029861","61637084","4","0"
"84156063","70902597","5","0"
"84190889","78707344","9","0"
"84244892","52984811","17","0"
"84259688","79772225","10","0"
"84373477","48680673","5","0"
"84638398","96787646","4","0"
"84743424","133713","5","0"
"84813468","50632845","10","0"
"85147964","52984811","10","0"
"85200521","28212392","12","0"
"85284286","98027676","16","0"
"85388625","72722761","4","0"
"85419061","31071604","1","0"
"85436998","16117658","9","0"
"85477069","85657695","13","0"
"85495777","46597156","8","0"
"85776451","31071604","11","0"
"85847624","73972099","21","0"
"85963872","74940339","12","0"
"85968893","94367801","6","0"
"86338101","85326506","19","0"
"86384344","1584594","15","0"
"86446975","11173302","5","0"
"86527252","85657695","10","0"
"86742280","68966834","2","0"
"86775788","40323829","2","0"
"87018645","81519758","4","0"
"87099212","68966834","4","0"
"87114455","14732889","4","0"
"87225502","51626046","7","0"
"87352033","85326506","24","0"
"87411177","8491828","6","0"
"87592154","1584594","5","0"
"87734031","73972099","10","0"
"87764027","7819477","8","0"
"87895614","16400118","4","0"
"87931328","96613811","6","0"
"87952500","23503367","4","0"
"88040803","79701472","4","0"
"88188219","39731721","15","0"
"88266934","73972099","24","0"
"88397903","28212392","3","0"
"88407388","56595466","2","0"
"88584137","98027676","15","0"
"88592781","60773118","1","0"
"88607639","65285653","8","0"
"88867550","35162940","3","0"
"88951401","59294752","5","0"
"89155148","79772225","13","0"
"89156148","32915456","8","0"
"89201045","46476906","4","0"
"89216848","98027676","9","0"
"89359464","39731721","20","0"
"89470602","46476906","15","0"
"89484136","87373489","5","0"
"89544964","20201142","9","0"
"89566611","72731202","9","0"
"89604984","20201142","6","0"
"89622239","51626046","12","0"
"89625407","79772225","3","0"
"89653193","96787646","3","0"
"89820175","8389469","4","0"
"89872255","75270731","10","0"
"90033922","98027676","5","0"
"90050621","98027676","24","0"
"90154495","34786669","8","0"
"90162499","98027676","8","0"
"90283816","94367801","10","0"
"90364365","9923664","1","0"
"90412972","35162940","8","0"
"90545286","1584594","13","0"
"90546048","72870325","11","0"
"90646400","56595466","1","0"
"91048939","16400118","2","0"
"91122220","34461511","5","0"
"91130988","80803598","24","0"
"91192202","69259421","7","0"
"91285072","9923664","5","0"
"91307796","10285883","9","0"
"91321258","96787646","13","0"
"91448818","52984811","14","0"
"91601677","52984811","22","0"
"91639352","21078561","7","0"
"91740166","79103275","6","0"
"91795919","4685116","7","0"
"91852025","56840754","1","0"
"91951930","19492707","8","0"
"91977953","53378923","4","0"
"92023591","9304588","13","1"
"92051845","51626046","9","0"
"92109710","19492707","13","0"
"92451327","59609769","5","0"
"92470224","16116614","4","0"
"92509040","16116614","8","0"
"92622703","73972099","26","0"
"92635854","39885461","14","0"
"92684416","72158401","8","0"
"92771909","1584594","20","0"
"92776329","72870325","9","0"
"92784451","72731202","8","0"
"93099157","85326506","5","0"
"93196876","56840754","8","0"
"93239549","80803598","12","0"
"93262944","99194464","10","0"
"93311407","52984811","12","0"
"93613839","99194464","12","0"
"93636816","86083690","9","0"
"93678929","52984811","5","0"
"93803456","98027676","4","0"
"94046942","66750266","10","0"
"94111624","81519758","13","0"
"94151827","23503367","11","0"
"94152089","59734039","13","0"
"94153857","53378923","3","0"
"94162489","41227949","10","0"
"94290355","34461511","6","0"
"94305207","85326506","8","0"
"94361887","133713","1","0"
"94399313","85326506","7","0"
"94400432","99194464","5","0"
"94473416","79125934","1","0"
"94594180","23503367","13","0"
"94640189","85326506","18","0"
"94713067","79772225","2","0"
"94715680","74940339","14","0"
"94753458","80803598","5","0"
"94778690","4685116","10","0"
"94853342","78707344","10","0"
"94980224","46476906","17","0"
"95029907","76884717","13","0"
"95029954","21078561","6","0"
"95158478","99194464","1","0"
"95423081","59734039","4","0"
"95611635","39731721","10","0"
"95665201","9923664","10","0"
"95675647","59294752","1","0"
"95888827","72686373","6","0"
"95919733","52984811","20","0"
"96203296","46476906","6","0"
"96295495","16116614","10","0"
"96337138","50632845","6","0"
"96344775","32915456","6","0"
"96367843","99194464","13","0"
"96377437","34461511","9","0"
"96432941","11173302","6","0"
"96524422","80803598","14","0"
"96576557","32915456","14","0"
"96620439","59734039","17","0"
"96659478","72158401","1","0"
"96738733","27131848","6","0"
"96788606","96787646","8","0"
"96867060","70902597","6","0"
"96942068","79103275","7","0"
"96963062","86083690","2","0"
"97117451","70902597","8","0"
"97242271","72158401","4","0"
"97339718","59294752","9","1"
"97616046","39885461","3","0"
"97621328","60773118","2","0"
"97675480","53378923","8","0"
"97761630","75270731","9","0"
"97912515","79103275","11","0"
"97990693","27131848","11","0"
"98025517","52984811","3","0"
"98081661","73972099","8","0"
"98094781","77100366","7","0"
"98151844","52984811","25","0"
"98156848","1584594","12","0"
"98275685","79701472","11","0"
"98297352","98027676","20","0"
"98359783","11173302","12","0"
"98509489","32915456","2","0"
"98549266","72870325","13","0"
"98652747","96613811","11","0"
"98692755","72870325","2","0"
"98784130","86083690","1","0"
"98821488","1584594","6","0"
"98881818","90193164","2","0"
"98968651","70902597","7","0"
"98985487","79125934","2","0"
"98986949","52984811","9","0"
"99031898","10285883","5","0"
"99153629","19492707","4","0"
"99155830","34461511","10","0"
"99189746","77100366","15","0"
"99226988","40323829","8","0"
"99299025","9304588","8","0"
"99521167","79103275","9","0"
"99527307","56840754","14","0"
"99643076","72870325","6","0"
"99801010","59609769","1","0"
"99809963","34461511","4","0"
"99812860","46476906","16","0"
"99956542","46597156","4","0"
"99960190","94367801","5","0"
