"ID","regaty","ID_wariantu_klubu","miejsceWRegatach"
"3417","99194464","57461405","1"
"3418","99194464","77473926","2"
"3419","99194464","64830853","3"
"3420","99194464","66803490","4"
"3421","99194464","20708529","5"
"3422","99194464","97519162","6"
"3423","99194464","68504006","7"
"3424","99194464","96517047","8"
"3425","99194464","15248730","9"
"3426","90193164","57461405","1"
"3427","90193164","66803490","2"
"3428","90193164","77473926","3"
"3429","90193164","64830853","4"
"3430","90193164","20708529","5"
"3431","90193164","68504006","6"
"3432","90193164","96517047","7"
"3433","90193164","97519162","8"
"3434","90193164","15248730","9"
"3435","39885461","57461405","1"
"3436","39885461","64830853","2"
"3437","39885461","66803490","3"
"3438","39885461","97519162","4"
"3439","39885461","77473926","5"
"3440","39885461","20708529","6"
"3441","39885461","68504006","7"
"3442","39885461","15248730","8"
"3443","39885461","96517047","9"
"3444","16400118","77473926","1"
"3445","16400118","57461405","2"
"3446","16400118","68504006","3"
"3447","16400118","64830853","4"
"3448","16400118","97519162","5"
"3449","16400118","66803490","6"
"3450","16400118","20708529","7"
"3451","16400118","15248730","8"
"3452","16400118","96517047","9"
"3453","96787646","32679058","1"
"3454","96787646","5394163","2"
"3455","96787646","35887754","3"
"3456","96787646","97519162","4"
"3457","96787646","3343985","5"
"3458","96787646","20708529","6"
"3459","96787646","38352842","7"
"3460","96787646","28130866","8"
"3461","96787646","23372296","9"
"3462","96787646","15248730","10"
"3463","96787646","23628341","11"
"3464","96787646","96517047","12"
"3465","61637084","35887754","1"
"3466","61637084","32679058","2"
"3467","61637084","23628341","3"
"3468","61637084","5394163","4"
"3469","61637084","20708529","5"
"3470","61637084","23372296","6"
"3471","61637084","3343985","7"
"3472","61637084","97519162","8"
"3473","61637084","15248730","9"
"3474","61637084","28130866","10"
"3475","61637084","38352842","11"
"3476","61637084","96517047","12"
"3477","11173302","32679058","1"
"3478","11173302","3343985","2"
"3479","11173302","5394163","3"
"3480","11173302","23628341","4"
"3481","11173302","38352842","5"
"3482","11173302","35887754","6"
"3483","11173302","97519162","7"
"3484","11173302","20708529","8"
"3485","11173302","15248730","9"
"3486","11173302","23372296","10"
"3487","11173302","28130866","11"
"3488","11173302","96517047","12"
"3489","56595466","32679058","1"
"3490","56595466","97519162","2"
"3491","56595466","38352842","3"
"3492","56595466","23372296","4"
"3493","56595466","23628341","5"
"3494","56595466","35887754","6"
"3495","56595466","5394163","7"
"3496","56595466","20708529","8"
"3497","56595466","15248730","9"
"3498","56595466","3343985","10"
"3499","56595466","28130866","11"
"3500","56595466","96517047","12"
"3501","79772225","75141924","1"
"3502","79772225","95701656","2"
"3503","79772225","26725552","3"
"3504","79772225","32679058","4"
"3505","79772225","97015711","5"
"3506","79772225","23372296","6"
"3507","79772225","86806554","7"
"3508","79772225","59287240","8"
"3509","79772225","1026501","9"
"3510","79772225","23474192","10"
"3511","79772225","21863651","11"
"3512","79772225","80070716","12"
"3513","79772225","48068506","13"
"3514","79772225","28130866","14"
"3515","79772225","40632154","15"
"3516","79772225","8699349","16"
"3517","79772225","15248730","17"
"3518","79772225","96517047","18"
"3519","20201142","97015711","1"
"3520","20201142","95701656","2"
"3521","20201142","75141924","3"
"3522","20201142","26725552","4"
"3523","20201142","59287240","5"
"3524","20201142","21863651","6"
"3525","20201142","32679058","7"
"3526","20201142","23474192","8"
"3527","20201142","23372296","9"
"3528","20201142","8699349","10"
"3529","20201142","86806554","11"
"3530","20201142","80070716","12"
"3531","20201142","15248730","13"
"3532","20201142","28130866","14"
"3533","20201142","1026501","15"
"3534","20201142","40632154","16"
"3535","20201142","48068506","17"
"3536","20201142","96517047","18"
"3537","96613811","26725552","1"
"3538","96613811","97015711","2"
"3539","96613811","95701656","3"
"3540","96613811","75141924","4"
"3541","96613811","23372296","5"
"3542","96613811","32679058","6"
"3543","96613811","28130866","7"
"3544","96613811","59287240","8"
"3545","96613811","15248730","9"
"3546","96613811","86806554","10"
"3547","96613811","21863651","11"
"3548","96613811","8699349","12"
"3549","96613811","23474192","13"
"3550","96613811","80070716","14"
"3551","96613811","40632154","15"
"3552","96613811","1026501","16"
"3553","96613811","48068506","17"
"3554","96613811","96517047","18"
"3555","68966834","75141924","1"
"3556","68966834","97015711","2"
"3557","68966834","26725552","3"
"3558","68966834","95701656","4"
"3559","68966834","86806554","5"
"3560","68966834","21863651","6"
"3561","68966834","23474192","7"
"3562","68966834","32679058","8"
"3563","68966834","80070716","9"
"3564","68966834","59287240","10"
"3565","68966834","8699349","11"
"3566","68966834","1026501","12"
"3567","68966834","28130866","13"
"3568","68966834","15248730","14"
"3569","68966834","23372296","15"
"3570","68966834","48068506","16"
"3571","68966834","40632154","17"
"3572","68966834","96517047","18"
"3573","31071604","73113253","1"
"3574","31071604","12403011","2"
"3575","31071604","39923431","3"
"3576","31071604","79632095","4"
"3577","31071604","8699349","5"
"3578","31071604","80070716","6"
"3579","31071604","27044513","7"
"3580","31071604","79941094","8"
"3581","31071604","9816690","9"
"3582","31071604","23474192","10"
"3583","31071604","20708529","11"
"3584","31071604","64830853","12"
"3585","31071604","2968352","13"
"3586","31071604","64521030","14"
"3587","31071604","10576990","15"
"3588","31071604","59382754","16"
"3589","31071604","73880943","17"
"3590","31071604","59287240","18"
"3591","59609769","39923431","1"
"3592","59609769","23474192","2"
"3593","59609769","64521030","3"
"3594","59609769","79632095","4"
"3595","59609769","27044513","5"
"3596","59609769","10576990","6"
"3597","59609769","73113253","7"
"3598","59609769","80070716","8"
"3599","59609769","12403011","9"
"3600","59609769","8699349","10"
"3601","59609769","59287240","11"
"3602","59609769","2968352","12"
"3603","59609769","20708529","13"
"3604","59609769","9816690","14"
"3605","59609769","64830853","15"
"3606","59609769","79941094","16"
"3607","59609769","73880943","17"
"3608","59609769","59382754","18"
"3609","51626046","12403011","1"
"3610","51626046","39923431","2"
"3611","51626046","27044513","3"
"3612","51626046","73113253","4"
"3613","51626046","64521030","5"
"3614","51626046","23474192","6"
"3615","51626046","8699349","7"
"3616","51626046","80070716","8"
"3617","51626046","20708529","9"
"3618","51626046","59287240","10"
"3619","51626046","2968352","11"
"3620","51626046","10576990","12"
"3621","51626046","59382754","13"
"3622","51626046","73880943","14"
"3623","51626046","9816690","15"
"3624","51626046","64830853","16"
"3625","51626046","79632095","17"
"3626","51626046","79941094","18"
"3627","72870325","12403011","1"
"3628","72870325","39923431","2"
"3629","72870325","10576990","3"
"3630","72870325","59287240","4"
"3631","72870325","73113253","5"
"3632","72870325","27044513","6"
"3633","72870325","80070716","7"
"3634","72870325","20708529","8"
"3635","72870325","2968352","9"
"3636","72870325","23474192","10"
"3637","72870325","8699349","11"
"3638","72870325","9816690","12"
"3639","72870325","59382754","13"
"3640","72870325","79941094","14"
"3641","72870325","64521030","15"
"3642","72870325","79632095","16"
"3643","72870325","64830853","17"
"3644","72870325","73880943","18"
"3645","10285883","10576990","1"
"3646","10285883","64830853","2"
"3647","10285883","35887754","3"
"3648","10285883","23474192","4"
"3649","10285883","20708529","5"
"3650","10285883","38352842","6"
"3651","10285883","8699349","7"
"3652","10285883","77996720","8"
"3653","10285883","59287240","9"
"3654","10285883","64521030","10"
"3655","10285883","23372296","11"
"3656","10285883","56265761","12"
"3657","10285883","74174186","13"
"3658","10285883","59382754","14"
"3659","10285883","96517047","15"
"3660","10285883","2968352","16"
"3661","10285883","35882268","17"
"3662","10285883","79941094","18"
"3663","50632845","35887754","1"
"3664","50632845","74174186","2"
"3665","50632845","2968352","3"
"3666","50632845","64830853","4"
"3667","50632845","23474192","5"
"3668","50632845","10576990","6"
"3669","50632845","8699349","7"
"3670","50632845","77996720","8"
"3671","50632845","23372296","9"
"3672","50632845","59287240","10"
"3673","50632845","56265761","11"
"3674","50632845","20708529","12"
"3675","50632845","38352842","13"
"3676","50632845","35882268","14"
"3677","50632845","79941094","15"
"3678","50632845","64521030","16"
"3679","50632845","96517047","17"
"3680","50632845","59382754","18"
"3681","60773118","64830853","1"
"3682","60773118","35887754","2"
"3683","60773118","10576990","3"
"3684","60773118","59287240","4"
"3685","60773118","23474192","5"
"3686","60773118","74174186","6"
"3687","60773118","64521030","7"
"3688","60773118","2968352","8"
"3689","60773118","79941094","9"
"3690","60773118","77996720","10"
"3691","60773118","20708529","11"
"3692","60773118","56265761","12"
"3693","60773118","23372296","13"
"3694","60773118","8699349","14"
"3695","60773118","96517047","15"
"3696","60773118","35882268","16"
"3697","60773118","38352842","17"
"3698","60773118","59382754","18"
"3699","23242296","2968352","1"
"3700","23242296","64830853","2"
"3701","23242296","59287240","3"
"3702","23242296","23372296","4"
"3703","23242296","64521030","5"
"3704","23242296","77996720","6"
"3705","23242296","35887754","7"
"3706","23242296","10576990","8"
"3707","23242296","20708529","9"
"3708","23242296","23474192","10"
"3709","23242296","8699349","11"
"3710","23242296","74174186","12"
"3711","23242296","96517047","13"
"3712","23242296","38352842","14"
"3713","23242296","56265761","15"
"3714","23242296","59382754","16"
"3715","23242296","35882268","17"
"3716","23242296","79941094","18"
"3717","32915456","14947601","1"
"3718","32915456","2968352","2"
"3719","32915456","18767554","3"
"3720","32915456","59287240","4"
"3721","32915456","23628341","5"
"3722","32915456","82519192","6"
"3723","32915456","77440855","7"
"3724","32915456","14091040","8"
"3725","32915456","20173236","9"
"3726","32915456","90735668","10"
"3727","32915456","5394163","11"
"3728","32915456","80812925","12"
"3729","32915456","9193535","13"
"3730","32915456","38352842","14"
"3731","32915456","59382754","15"
"3732","32915456","29673695","16"
"3733","32915456","8699349","17"
"3734","32915456","23372296","18"
"3735","8389469","18767554","1"
"3736","8389469","14947601","2"
"3737","8389469","90735668","3"
"3738","8389469","82519192","4"
"3739","8389469","59287240","5"
"3740","8389469","23628341","6"
"3741","8389469","9193535","7"
"3742","8389469","8699349","8"
"3743","8389469","2968352","9"
"3744","8389469","29673695","10"
"3745","8389469","38352842","11"
"3746","8389469","20173236","12"
"3747","8389469","14091040","13"
"3748","8389469","77440855","14"
"3749","8389469","23372296","15"
"3750","8389469","59382754","16"
"3751","8389469","80812925","17"
"3752","8389469","5394163","18"
"3753","16432618","14091040","1"
"3754","16432618","23628341","2"
"3755","16432618","90735668","3"
"3756","16432618","20173236","4"
"3757","16432618","18767554","5"
"3758","16432618","23372296","6"
"3759","16432618","59287240","7"
"3760","16432618","14947601","8"
"3761","16432618","29673695","9"
"3762","16432618","82519192","10"
"3763","16432618","8699349","11"
"3764","16432618","5394163","12"
"3765","16432618","9193535","13"
"3766","16432618","80812925","14"
"3767","16432618","38352842","15"
"3768","16432618","59382754","16"
"3769","16432618","2968352","17"
"3770","16432618","77440855","18"
"3771","19492707","90735668","1"
"3772","19492707","29673695","2"
"3773","19492707","80812925","3"
"3774","19492707","59287240","4"
"3775","19492707","14947601","5"
"3776","19492707","18767554","6"
"3777","19492707","14091040","7"
"3778","19492707","20173236","8"
"3779","19492707","2968352","9"
"3780","19492707","23628341","10"
"3781","19492707","23372296","11"
"3782","19492707","5394163","12"
"3783","19492707","82519192","13"
"3784","19492707","77440855","14"
"3785","19492707","38352842","15"
"3786","19492707","8699349","16"
"3787","19492707","59382754","17"
"3788","19492707","9193535","18"
"3789","69259421","3343985","1"
"3790","69259421","5117166","2"
"3791","69259421","77440855","3"
"3792","69259421","2968352","4"
"3793","69259421","29673695","5"
"3794","69259421","77996720","6"
"3795","69259421","55674587","7"
"3796","69259421","1696220","8"
"3797","69259421","56132742","9"
"3798","69259421","20173236","10"
"3799","69259421","57004617","11"
"3800","69259421","64830853","12"
"3801","69259421","9193535","13"
"3802","69259421","39262660","14"
"3803","69259421","23372296","15"
"3804","69259421","11484760","16"
"3805","69259421","23474192","17"
"3806","69259421","8699349","18"
"3807","87373489","57004617","1"
"3808","87373489","56132742","2"
"3809","87373489","3343985","3"
"3810","87373489","2968352","4"
"3811","87373489","77996720","5"
"3812","87373489","5117166","6"
"3813","87373489","77440855","7"
"3814","87373489","90476956","8"
"3815","87373489","39262660","9"
"3816","87373489","55674587","10"
"3817","87373489","11484760","11"
"3818","87373489","29673695","12"
"3819","87373489","64830853","13"
"3820","87373489","23474192","14"
"3821","87373489","20173236","15"
"3822","87373489","9193535","16"
"3823","87373489","23372296","17"
"3824","87373489","8699349","18"
"3825","16117658","64830853","1"
"3826","16117658","77440855","2"
"3827","16117658","77996720","3"
"3828","16117658","90476956","4"
"3829","16117658","3343985","5"
"3830","16117658","56132742","6"
"3831","16117658","29673695","7"
"3832","16117658","5117166","8"
"3833","16117658","39262660","9"
"3834","16117658","23474192","10"
"3835","16117658","2968352","11"
"3836","16117658","57004617","12"
"3837","16117658","20173236","13"
"3838","16117658","55674587","14"
"3839","16117658","9193535","15"
"3840","16117658","23372296","16"
"3841","16117658","8699349","17"
"3842","16117658","11484760","18"
"3843","79701472","3343985","1"
"3844","79701472","5117166","2"
"3845","79701472","23372296","3"
"3846","79701472","2968352","4"
"3847","79701472","57004617","5"
"3848","79701472","64830853","6"
"3849","79701472","77996720","7"
"3850","79701472","77440855","8"
"3851","79701472","90476956","9"
"3852","79701472","39262660","10"
"3853","79701472","8699349","11"
"3854","79701472","56132742","12"
"3855","79701472","55674587","13"
"3856","79701472","9193535","14"
"3857","79701472","29673695","15"
"3858","79701472","11484760","16"
"3859","79701472","20173236","17"
"3860","79701472","23474192","18"
"3861","65285653","8240115","1"
"3862","65285653","10708798","2"
"3863","65285653","40580208","3"
"3864","65285653","96517047","4"
"3865","65285653","77440855","5"
"3866","65285653","48068506","6"
"3867","65285653","68955506","7"
"3868","65285653","45666287","8"
"3869","51774063","8240115","1"
"3870","51774063","77440855","2"
"3871","51774063","96517047","3"
"3872","51774063","40580208","4"
"3873","51774063","48068506","5"
"3874","51774063","45666287","6"
"3875","51774063","10708798","7"
"3876","51774063","68955506","8"
"3877","72731202","8240115","1"
"3878","72731202","96517047","2"
"3879","72731202","10708798","3"
"3880","72731202","77440855","4"
"3881","72731202","48068506","5"
"3882","72731202","40580208","6"
"3883","72731202","45666287","7"
"3884","72731202","68955506","8"
"3885","72731202","67250387","9"
"3886","71128501","40580208","1"
"3887","71128501","8240115","2"
"3888","71128501","10708798","3"
"3889","71128501","96517047","4"
"3890","71128501","68955506","5"
"3891","71128501","77440855","6"
"3892","71128501","48068506","7"
"3893","71128501","67250387","8"
"3894","71128501","45666287","9"
"3895","98027676","14947601","1"
"3896","98027676","576156","2"
"3897","98027676","77440855","3"
"3898","98027676","82519192","4"
"3899","98027676","14091040","5"
"3900","98027676","47299099","6"
"3901","98027676","359628","7"
"3902","98027676","10708798","8"
"3903","98027676","55501945","9"
"3904","98027676","48068506","10"
"3905","98027676","94355480","11"
"3906","75270731","14091040","1"
"3907","75270731","77440855","2"
"3908","75270731","82519192","3"
"3909","75270731","14947601","4"
"3910","75270731","10708798","5"
"3911","75270731","576156","6"
"3912","75270731","55501945","7"
"3913","75270731","48068506","8"
"3914","75270731","94355480","9"
"3915","75270731","47299099","10"
"3916","75270731","359628","11"
"3917","44960821","14947601","1"
"3918","44960821","14091040","2"
"3919","44960821","82519192","3"
"3920","44960821","576156","4"
"3921","44960821","77440855","5"
"3922","44960821","55501945","6"
"3923","44960821","359628","7"
"3924","44960821","10708798","8"
"3925","44960821","48068506","9"
"3926","44960821","94355480","10"
"3927","44960821","47299099","11"
"3928","44960821","74137594","12"
"3929","39731721","82519192","1"
"3930","39731721","576156","2"
"3931","39731721","14091040","3"
"3932","39731721","14947601","4"
"3933","39731721","77440855","5"
"3934","39731721","74137594","6"
"3935","39731721","10708798","7"
"3936","39731721","48068506","8"
"3937","39731721","47299099","9"
"3938","39731721","94355480","10"
"3939","77100366","27807818","1"
"3940","77100366","81063693","2"
"3941","77100366","21267167","3"
"3942","77100366","832153","4"
"3943","77100366","50313289","5"
"3944","77100366","14257077","6"
"3945","77100366","81612175","7"
"3946","77100366","89507832","8"
"3947","77100366","47690965","9"
"3948","42322105","832153","1"
"3949","42322105","27807818","2"
"3950","42322105","81612175","3"
"3951","42322105","11014176","4"
"3952","42322105","21267167","5"
"3953","42322105","14257077","6"
"3954","42322105","60393129","7"
"3955","42322105","89507832","8"
"3956","73972099","91582502","1"
"3957","73972099","21267167","2"
"3958","73972099","832153","3"
"3959","73972099","27807818","4"
"3960","73972099","81612175","5"
"3961","73972099","11014176","6"
"3962","73972099","89507832","7"
"3963","73972099","14257077","8"
"3964","73972099","50313289","9"
"3965","73972099","77440855","10"
"3966","1584594","21267167","1"
"3967","1584594","91582502","2"
"3968","1584594","832153","3"
"3969","1584594","81612175","4"
"3970","1584594","27807818","5"
"3971","1584594","61715106","6"
"3972","1584594","89507832","7"
"3973","1584594","50313289","8"
"3974","1584594","14257077","9"
"3975","1584594","77440855","10"
"3976","46476906","4192131","1"
"3977","46476906","66479890","2"
"3978","46476906","21267167","3"
"3979","46476906","59238287","4"
"3980","46476906","45812114","5"
"3981","46476906","26565440","6"
"3982","46476906","3343985","7"
"3983","46476906","3964823","8"
"3984","46476906","28865392","9"
"3985","46476906","90735668","10"
"3986","46476906","46283265","11"
"3987","46476906","74323087","12"
"3988","46476906","93090089","13"
"3989","34786669","26565440","1"
"3990","34786669","66479890","2"
"3991","34786669","4192131","3"
"3992","34786669","90735668","4"
"3993","34786669","28865392","5"
"3994","34786669","93090089","6"
"3995","34786669","3343985","7"
"3996","34786669","59238287","8"
"3997","34786669","46283265","9"
"3998","34786669","21267167","10"
"3999","34786669","74323087","11"
"4000","34786669","45812114","12"
"4001","59734039","3343985","1"
"4002","59734039","74323087","2"
"4003","59734039","3964823","3"
"4004","59734039","45812114","4"
"4005","59734039","90735668","5"
"4006","59734039","26565440","6"
"4007","59734039","28865392","7"
"4008","59734039","93090089","8"
"4009","59734039","46283265","9"
"4010","59734039","66479890","10"
"4011","59734039","21267167","11"
"4012","59734039","4192131","12"
"4013","59734039","59238287","13"
"4014","80803598","3964823","1"
"4015","80803598","3343985","2"
"4016","80803598","21267167","3"
"4017","80803598","4192131","4"
"4018","80803598","26565440","5"
"4019","80803598","66479890","6"
"4020","80803598","93090089","7"
"4021","80803598","45812114","8"
"4022","80803598","28865392","9"
"4023","80803598","46283265","10"
"4024","80803598","59238287","11"
"4025","80803598","90735668","12"
"4026","80803598","74323087","13"
"4027","16861691","82259652","1"
"4028","16861691","10322675","2"
"4029","16861691","21267167","3"
"4030","16861691","88156681","4"
"4031","16861691","76070737","5"
"4032","16861691","49746069","6"
"4033","16861691","33296652","7"
"4034","16861691","59890131","8"
"4035","16861691","30610044","9"
"4036","16861691","52594151","10"
"4037","16861691","11851163","11"
"4038","16861691","79119715","12"
"4039","52984811","10322675","1"
"4040","52984811","88156681","2"
"4041","52984811","82259652","3"
"4042","52984811","11851163","4"
"4043","52984811","21267167","5"
"4044","52984811","52594151","6"
"4045","52984811","59890131","7"
"4046","52984811","30610044","8"
"4047","52984811","49746069","9"
"4048","85657695","21267167","1"
"4049","85657695","10322675","2"
"4050","85657695","11851163","3"
"4051","85657695","82259652","4"
"4052","85657695","52594151","5"
"4053","85657695","76070737","6"
"4054","85657695","59890131","7"
"4055","85657695","49746069","8"
"4056","85657695","88156681","9"
"4057","85657695","30610044","10"
"4058","85326506","21267167","1"
"4059","85326506","11851163","2"
"4060","85326506","82259652","3"
"4061","85326506","10322675","4"
"4062","85326506","88156681","5"
"4063","85326506","76070737","6"
"4064","85326506","30610044","7"
"4065","85326506","59890131","8"
"4066","85326506","52594151","9"
"4067","76884717","64568271","1"
"4068","76884717","11851163","2"
"4069","76884717","3475541","3"
"4070","76884717","64995386","4"
"4071","76884717","80297127","5"
"4072","76884717","21267167","6"
"4073","76884717","31561187","7"
"4074","76884717","11014176","8"
"4075","76884717","20369814","9"
"4076","76884717","38352842","10"
"4077","76884717","86712611","11"
"4078","76884717","15125641","12"
"4079","42903369","3475541","1"
"4080","42903369","64568271","2"
"4081","42903369","31561187","3"
"4082","42903369","11851163","4"
"4083","42903369","64995386","5"
"4084","42903369","11014176","6"
"4085","42903369","20369814","7"
"4086","42903369","21267167","8"
"4087","42903369","80297127","9"
"4088","42903369","38352842","10"
"4089","42903369","86712611","11"
"4090","42903369","15125641","12"
"4091","79990660","11851163","1"
"4092","79990660","21267167","2"
"4093","79990660","11014176","3"
"4094","79990660","64568271","4"
"4095","79990660","38352842","5"
"4096","79990660","31561187","6"
"4097","79990660","3475541","7"
"4098","79990660","20369814","8"
"4099","79990660","86712611","9"
"4100","79990660","15125641","10"
"4101","79990660","80297127","11"
"4102","79990660","95362201","12"
"4103","23503367","11851163","1"
"4104","23503367","31561187","2"
"4105","23503367","64568271","3"
"4106","23503367","3475541","4"
"4107","23503367","21267167","5"
"4108","23503367","38352842","6"
"4109","23503367","86712611","7"
"4110","23503367","11014176","8"
"4111","23503367","80297127","9"
"4112","23503367","20369814","10"
"4113","23503367","95362201","11"
"4114","23503367","15125641","12"
"4115","56840754","29673695","1"
"4116","56840754","31561187","2"
"4117","56840754","37771013","3"
"4118","56840754","54844888","4"
"4119","56840754","35915429","5"
"4120","56840754","74363723","6"
"4121","56840754","53442767","7"
"4122","56840754","79672628","8"
"4123","56840754","21267167","9"
"4124","56840754","59890131","10"
"4125","56840754","85832377","11"
"4126","56840754","38352842","12"
"4127","81519758","35915429","1"
"4128","81519758","37771013","2"
"4129","81519758","54844888","3"
"4130","81519758","31561187","4"
"4131","81519758","74363723","5"
"4132","81519758","53442767","6"
"4133","81519758","29673695","7"
"4134","81519758","59890131","8"
"4135","81519758","85832377","9"
"4136","81519758","79672628","10"
"4137","81519758","21267167","11"
"4138","81519758","38352842","12"
"4139","40323829","54844888","1"
"4140","40323829","37771013","2"
"4141","40323829","53442767","3"
"4142","40323829","31561187","4"
"4143","40323829","29673695","5"
"4144","40323829","79672628","6"
"4145","40323829","74363723","7"
"4146","40323829","35915429","8"
"4147","40323829","38352842","9"
"4148","40323829","59890131","10"
"4149","40323829","21267167","11"
"4150","40323829","85832377","12"
"4151","27131848","54844888","1"
"4152","27131848","31561187","2"
"4153","27131848","74363723","3"
"4154","27131848","35915429","4"
"4155","27131848","53442767","5"
"4156","27131848","37771013","6"
"4157","27131848","59890131","7"
"4158","27131848","29673695","8"
"4159","27131848","79672628","9"
"4160","27131848","38352842","10"
"4161","27131848","85832377","11"
"4162","27131848","21267167","12"
"4163","79103275","18767554","1"
"4164","79103275","77473926","2"
"4165","79103275","57461405","3"
"4166","79103275","84529515","4"
"4167","79103275","53442767","5"
"4168","79103275","41603807","6"
"4169","79103275","74363723","7"
"4170","79103275","29673695","8"
"4171","79103275","31561187","9"
"4172","79103275","79672628","10"
"4173","79103275","64830853","11"
"4174","79103275","21267167","12"
"4175","11291612","77473926","1"
"4176","11291612","57461405","2"
"4177","11291612","84529515","3"
"4178","11291612","29673695","4"
"4179","11291612","31561187","5"
"4180","11291612","18767554","6"
"4181","11291612","74363723","7"
"4182","11291612","21267167","8"
"4183","11291612","79672628","9"
"4184","11291612","53442767","10"
"4185","11291612","64830853","11"
"4186","11291612","41603807","12"
"4187","48680673","77473926","1"
"4188","48680673","84529515","2"
"4189","48680673","57461405","3"
"4190","48680673","74363723","4"
"4191","48680673","53442767","5"
"4192","48680673","29673695","6"
"4193","48680673","18767554","7"
"4194","48680673","64830853","8"
"4195","48680673","31561187","9"
"4196","48680673","21267167","10"
"4197","48680673","79672628","11"
"4198","48680673","41603807","12"
"4199","78707344","57461405","1"
"4200","78707344","84529515","2"
"4201","78707344","77473926","3"
"4202","78707344","53442767","4"
"4203","78707344","74363723","5"
"4204","78707344","64830853","6"
"4205","78707344","41603807","7"
"4206","78707344","31561187","8"
"4207","78707344","18767554","9"
"4208","78707344","29673695","10"
"4209","78707344","21267167","11"
"4210","78707344","79672628","12"
"4211","7819477","57461405","1"
"4212","7819477","77473926","2"
"4213","7819477","29673695","3"
"4214","7819477","53442767","4"
"4215","7819477","3343985","5"
"4216","7819477","84529515","6"
"4217","7819477","74363723","7"
"4218","7819477","18767554","8"
"4219","7819477","31561187","9"
"4220","7819477","21267167","10"
"4221","7819477","64521030","11"
"4222","7819477","23628341","12"
"4223","7819477","38352842","13"
"4224","7819477","97519162","14"
"4225","7819477","64830853","15"
"4226","7819477","35887754","16"
"4227","7819477","9816690","17"
"4228","7819477","20708529","18"
"4229","34461511","29673695","1"
"4230","34461511","57461405","2"
"4231","34461511","31561187","3"
"4232","34461511","77473926","4"
"4233","34461511","18767554","5"
"4234","34461511","97519162","6"
"4235","34461511","84529515","7"
"4236","34461511","53442767","8"
"4237","34461511","3343985","9"
"4238","34461511","21267167","10"
"4239","34461511","35887754","11"
"4240","34461511","74363723","12"
"4241","34461511","9816690","13"
"4242","34461511","38352842","14"
"4243","34461511","64521030","15"
"4244","34461511","64830853","16"
"4245","34461511","20708529","17"
"4246","34461511","23628341","18"
"4247","53378923","77473926","1"
"4248","53378923","57461405","2"
"4249","53378923","31561187","3"
"4250","53378923","53442767","4"
"4251","53378923","29673695","5"
"4252","53378923","74363723","6"
"4253","53378923","18767554","7"
"4254","53378923","3343985","8"
"4255","53378923","23628341","9"
"4256","53378923","21267167","10"
"4257","53378923","38352842","11"
"4258","53378923","35887754","12"
"4259","53378923","9816690","13"
"4260","53378923","20708529","14"
"4261","53378923","97519162","15"
"4262","53378923","64830853","16"
"4263","53378923","64521030","17"
"4264","53378923","84529515","18"
"4265","16116614","77473926","1"
"4266","16116614","31561187","2"
"4267","16116614","23628341","3"
"4268","16116614","57461405","4"
"4269","16116614","74363723","5"
"4270","16116614","35887754","6"
"4271","16116614","84529515","7"
"4272","16116614","3343985","8"
"4273","16116614","53442767","9"
"4274","16116614","18767554","10"
"4275","16116614","29673695","11"
"4276","16116614","38352842","12"
"4277","16116614","97519162","13"
"4278","16116614","20708529","14"
"4279","16116614","64521030","15"
"4280","16116614","64830853","16"
"4281","16116614","9816690","17"
"4282","16116614","21267167","18"
"4283","21078561","70916580","1"
"4284","21078561","49746069","2"
"4285","21078561","31561187","3"
"4286","21078561","97015711","4"
"4287","21078561","832153","5"
"4288","21078561","95701656","6"
"4289","21078561","75141924","7"
"4290","21078561","96175326","8"
"4291","21078561","5060785","9"
"4292","21078561","18767554","10"
"4293","21078561","74363723","11"
"4294","21078561","21267167","12"
"4295","21078561","20173236","13"
"4296","21078561","35887754","14"
"4297","21078561","5178638","15"
"4298","21078561","37537849","16"
"4299","21078561","3343985","17"
"4300","21078561","38352842","18"
"4301","4685116","70916580","1"
"4302","4685116","31561187","2"
"4303","4685116","5060785","3"
"4304","4685116","3343985","4"
"4305","4685116","49746069","5"
"4306","4685116","97015711","6"
"4307","4685116","832153","7"
"4308","4685116","75141924","8"
"4309","4685116","18767554","9"
"4310","4685116","74363723","10"
"4311","4685116","35887754","11"
"4312","4685116","20173236","12"
"4313","4685116","95701656","13"
"4314","4685116","96175326","14"
"4315","4685116","37537849","15"
"4316","4685116","21267167","16"
"4317","4685116","38352842","17"
"4318","4685116","5178638","18"
"4319","9923664","70916580","1"
"4320","9923664","96175326","2"
"4321","9923664","49746069","3"
"4322","9923664","21267167","4"
"4323","9923664","75141924","5"
"4324","9923664","5060785","6"
"4325","9923664","37537849","7"
"4326","9923664","95701656","8"
"4327","9923664","18767554","9"
"4328","9923664","31561187","10"
"4329","9923664","97015711","11"
"4330","9923664","3343985","12"
"4331","9923664","832153","13"
"4332","9923664","5178638","14"
"4333","9923664","74363723","15"
"4334","9923664","35887754","16"
"4335","9923664","20173236","17"
"4336","9923664","38352842","18"
"4337","15498062","97015711","0"
"4338","15498062","3343985","0"
"4339","15498062","75141924","0"
"4340","15498062","70916580","0"
"4341","15498062","37537849","0"
"4342","15498062","96175326","0"
"4343","15498062","18767554","0"
"4344","15498062","31561187","0"
"4345","15498062","5178638","0"
"4346","15498062","38352842","0"
"4347","15498062","5060785","0"
"4348","15498062","35887754","0"
"4349","15498062","74363723","0"
"4350","15498062","95701656","0"
"4351","15498062","832153","0"
"4352","15498062","20173236","0"
"4353","15498062","49746069","0"
"4354","15498062","21267167","0"
"4355","46597156","73113253","1"
"4356","46597156","49746069","2"
"4357","46597156","9704316","3"
"4358","46597156","21267167","4"
"4359","46597156","90735668","5"
"4360","46597156","12403011","6"
"4361","46597156","832153","7"
"4362","46597156","31561187","8"
"4363","46597156","75141924","9"
"4364","46597156","89761386","10"
"4365","46597156","5060785","11"
"4366","46597156","91072341","12"
"4367","46597156","18767554","13"
"4368","46597156","95701656","14"
"4369","46597156","3343985","15"
"4370","46597156","97015711","16"
"4371","46597156","27044513","17"
"4372","46597156","29673695","18"
"4373","97148389","5060785","1"
"4374","97148389","832153","2"
"4375","97148389","12403011","3"
"4376","97148389","49746069","4"
"4377","97148389","89761386","5"
"4378","97148389","21267167","6"
"4379","97148389","31561187","7"
"4380","97148389","75141924","8"
"4381","97148389","91072341","9"
"4382","97148389","9704316","10"
"4383","97148389","73113253","11"
"4384","97148389","95701656","12"
"4385","97148389","97015711","13"
"4386","97148389","3343985","14"
"4387","97148389","90735668","15"
"4388","97148389","27044513","16"
"4389","97148389","29673695","17"
"4390","97148389","18767554","18"
"4391","72722761","95701656","1"
"4392","72722761","9704316","2"
"4393","72722761","49746069","3"
"4394","72722761","75141924","4"
"4395","72722761","31561187","5"
"4396","72722761","5060785","6"
"4397","72722761","832153","7"
"4398","72722761","89761386","8"
"4399","72722761","97015711","9"
"4400","72722761","21267167","10"
"4401","72722761","18767554","11"
"4402","72722761","3343985","12"
"4403","72722761","29673695","13"
"4404","72722761","27044513","14"
"4405","72722761","12403011","15"
"4406","72722761","90735668","16"
"4407","72722761","91072341","17"
"4408","72722761","73113253","18"
"4409","8491828","3343985","1"
"4410","8491828","95701656","2"
"4411","8491828","21267167","3"
"4412","8491828","97015711","4"
"4413","8491828","5060785","5"
"4414","8491828","91072341","6"
"4415","8491828","75141924","7"
"4416","8491828","832153","8"
"4417","8491828","18767554","9"
"4418","8491828","89761386","10"
"4419","8491828","12403011","11"
"4420","8491828","9704316","12"
"4421","8491828","49746069","13"
"4422","8491828","73113253","14"
"4423","8491828","90735668","15"
"4424","8491828","29673695","16"
"4425","8491828","31561187","17"
"4426","8491828","27044513","18"
"4427","9664111","21267167","1"
"4428","9664111","832153","2"
"4429","9664111","12403011","3"
"4430","9664111","35887754","4"
"4431","9664111","5060785","5"
"4432","9664111","89761386","6"
"4433","9664111","73113253","7"
"4434","9664111","49746069","8"
"4435","9664111","75141924","9"
"4436","9664111","91072341","10"
"4437","9664111","9704316","11"
"4438","9664111","31561187","12"
"4439","9664111","95701656","13"
"4440","9664111","64830853","14"
"4441","9664111","97015711","15"
"4442","9664111","23474192","16"
"4443","9664111","10576990","17"
"4444","9664111","3343985","18"
"4445","70902597","5060785","1"
"4446","70902597","9704316","2"
"4447","70902597","12403011","3"
"4448","70902597","49746069","4"
"4449","70902597","31561187","5"
"4450","70902597","832153","6"
"4451","70902597","21267167","7"
"4452","70902597","89761386","8"
"4453","70902597","91072341","9"
"4454","70902597","75141924","10"
"4455","70902597","10576990","11"
"4456","70902597","97015711","12"
"4457","70902597","73113253","13"
"4458","70902597","64830853","14"
"4459","70902597","95701656","15"
"4460","70902597","35887754","16"
"4461","70902597","3343985","17"
"4462","70902597","23474192","18"
"4463","94367801","89761386","1"
"4464","94367801","95701656","2"
"4465","94367801","75141924","3"
"4466","94367801","9704316","4"
"4467","94367801","21267167","5"
"4468","94367801","97015711","6"
"4469","94367801","49746069","7"
"4470","94367801","35887754","8"
"4471","94367801","91072341","9"
"4472","94367801","64830853","10"
"4473","94367801","31561187","11"
"4474","94367801","5060785","12"
"4475","94367801","12403011","13"
"4476","94367801","23474192","14"
"4477","94367801","73113253","15"
"4478","94367801","832153","16"
"4479","94367801","10576990","17"
"4480","94367801","3343985","18"
"4481","74940339","49746069","1"
"4482","74940339","21267167","2"
"4483","74940339","89761386","3"
"4484","74940339","73113253","4"
"4485","74940339","5060785","5"
"4486","74940339","3343985","6"
"4487","74940339","35887754","7"
"4488","74940339","91072341","8"
"4489","74940339","97015711","9"
"4490","74940339","12403011","10"
"4491","74940339","75091219","11"
"4492","74940339","31561187","12"
"4493","74940339","10576990","13"
"4494","74940339","75141924","14"
"4495","74940339","832153","15"
"4496","74940339","64830853","16"
"4497","74940339","9704316","17"
"4498","74940339","23474192","18"
"4499","133713","91072341","1"
"4500","133713","12403011","2"
"4501","133713","49746069","3"
"4502","133713","9704316","4"
"4503","133713","53442767","5"
"4504","133713","59287240","6"
"4505","133713","21267167","7"
"4506","133713","97015711","8"
"4507","133713","74363723","9"
"4508","133713","14947601","10"
"4509","133713","75091219","11"
"4510","133713","75141924","12"
"4511","133713","31561187","13"
"4512","133713","53387446","14"
"4513","133713","18767554","15"
"4514","133713","30407568","16"
"4515","133713","73113253","17"
"4516","133713","832153","18"
"4517","14732889","49746069","1"
"4518","14732889","30407568","2"
"4519","14732889","9704316","3"
"4520","14732889","73113253","4"
"4521","14732889","53442767","5"
"4522","14732889","53387446","6"
"4523","14732889","832153","7"
"4524","14732889","12403011","8"
"4525","14732889","14947601","9"
"4526","14732889","59287240","10"
"4527","14732889","21267167","11"
"4528","14732889","97015711","12"
"4529","14732889","75141924","13"
"4530","14732889","31561187","14"
"4531","14732889","75091219","15"
"4532","14732889","91072341","16"
"4533","14732889","74363723","17"
"4534","14732889","18767554","18"
"4535","72158401","30407568","1"
"4536","72158401","21267167","2"
"4537","72158401","91072341","3"
"4538","72158401","9704316","4"
"4539","72158401","14947601","5"
"4540","72158401","18767554","6"
"4541","72158401","832153","7"
"4542","72158401","73113253","8"
"4543","72158401","49746069","9"
"4544","72158401","53387446","10"
"4545","72158401","53442767","11"
"4546","72158401","97015711","12"
"4547","72158401","12403011","13"
"4548","72158401","74363723","14"
"4549","72158401","31561187","15"
"4550","72158401","59287240","16"
"4551","72158401","75091219","17"
"4552","72158401","75141924","18"
"4553","66750266","12403011","1"
"4554","66750266","49746069","2"
"4555","66750266","91072341","3"
"4556","66750266","30407568","4"
"4557","66750266","21267167","5"
"4558","66750266","53442767","6"
"4559","66750266","59287240","7"
"4560","66750266","14947601","8"
"4561","66750266","9704316","9"
"4562","66750266","31561187","10"
"4563","66750266","75141924","11"
"4564","66750266","53387446","12"
"4565","66750266","73113253","13"
"4566","66750266","74363723","14"
"4567","66750266","97015711","15"
"4568","66750266","18767554","16"
"4569","66750266","832153","17"
"4570","66750266","75091219","18"
"4571","41227949","3343985","1"
"4572","41227949","2877157","2"
"4573","41227949","25482520","3"
"4574","41227949","12403011","4"
"4575","41227949","29673695","5"
"4576","41227949","48603239","6"
"4577","41227949","21267167","7"
"4578","41227949","99948523","8"
"4579","41227949","25666958","9"
"4580","41227949","74054412","10"
"4581","41227949","39146377","11"
"4582","41227949","81328377","12"
"4583","41227949","90476956","13"
"4584","41227949","88825641","14"
"4585","28212392","12403011","1"
"4586","28212392","3343985","2"
"4587","28212392","2877157","3"
"4588","28212392","74054412","4"
"4589","28212392","99948523","5"
"4590","28212392","25666958","6"
"4591","28212392","29673695","7"
"4592","28212392","81328377","8"
"4593","28212392","21267167","9"
"4594","28212392","48603239","10"
"4595","28212392","25482520","11"
"4596","28212392","39146377","12"
"4597","28212392","90476956","13"
"4598","28212392","88825641","14"
"4599","86083690","3343985","1"
"4600","86083690","99948523","2"
"4601","86083690","12403011","3"
"4602","86083690","48603239","4"
"4603","86083690","25482520","5"
"4604","86083690","39146377","6"
"4605","86083690","2877157","7"
"4606","86083690","74054412","8"
"4607","86083690","25666958","9"
"4608","86083690","21267167","10"
"4609","86083690","81328377","11"
"4610","86083690","29673695","12"
"4611","86083690","90476956","13"
"4612","86083690","88825641","14"
"4613","79125934","59952554","1"
"4614","79125934","48603239","2"
"4615","79125934","81436706","3"
"4616","79125934","38200602","4"
"4617","79125934","4866531","5"
"4618","79125934","73579006","6"
"4619","79125934","91072341","7"
"4620","79125934","71024784","8"
"4621","79125934","18112440","9"
"4622","79125934","30078914","10"
"4623","79125934","94867914","11"
"4624","79125934","74054412","12"
"4625","79125934","96823854","13"
"4626","79125934","19531518","14"
"4627","79125934","37119258","15"
"4628","79125934","20953095","16"
"4629","59294752","77473926","1"
"4630","59294752","21267167","2"
"4631","59294752","49746069","3"
"4632","59294752","53387446","4"
"4633","59294752","71024784","5"
"4634","59294752","91072341","6"
"4635","59294752","31561187","7"
"4636","59294752","38075179","8"
"4637","59294752","59952554","9"
"4638","59294752","18767554","10"
"4639","59294752","37537849","11"
"4640","59294752","59287240","12"
"4641","59294752","95701656","13"
"4642","59294752","31990349","14"
"4643","59294752","97015711","15"
"4644","59294752","74220210","16"
"4645","59294752","90735668","17"
"4646","59294752","53442767","18"
"4647","59294752","77440855","19"
"4648","59294752","73113253","20"
"4649","9304588","26090069","1"
"4650","9304588","87679588","2"
"4651","9304588","22762275","3"
"4652","9304588","80098965","4"
"4653","9304588","33741103","5"
"4654","9304588","38417452","6"
"4655","9304588","57004617","7"
"4656","9304588","92127505","8"
"4657","9304588","90476956","9"
"4658","9304588","29673695","10"
"4659","9304588","74603081","11"
"4660","9304588","23474192","12"
"4661","9304588","74174186","13"
"4662","9304588","80812925","14"
"4663","9304588","35910270","15"
"4664","9304588","39262660","16"
"4665","9304588","58692555","17"
"4666","9304588","50693065","18"
"4667","9304588","17296471","19"
"4668","9304588","55674587","20"
"4669","72686373","26090069","1"
"4670","72686373","57004617","2"
"4671","72686373","87679588","3"
"4672","72686373","90476956","4"
"4673","72686373","80098965","5"
"4674","72686373","38417452","6"
"4675","72686373","33741103","7"
"4676","72686373","22762275","8"
"4677","72686373","29673695","9"
"4678","72686373","23474192","10"
"4679","72686373","74603081","11"
"4680","72686373","17296471","12"
"4681","72686373","92127505","13"
"4682","72686373","39262660","14"
"4683","72686373","50693065","15"
"4684","72686373","35910270","16"
"4685","72686373","74174186","17"
"4686","72686373","55674587","18"
"4687","72686373","80812925","19"
"4688","72686373","58692555","20"
"4689","35162940","59952554","1"
"4690","35162940","49746069","2"
"4691","35162940","71024784","3"
"4692","35162940","77473926","4"
"4693","35162940","18767554","5"
"4694","35162940","53442767","6"
"4695","35162940","91072341","7"
"4696","35162940","73113253","8"
"4697","35162940","59287240","9"
"4698","35162940","31561187","10"
"4699","35162940","77440855","11"
"4700","35162940","21267167","12"
"4701","35162940","90735668","13"
"4702","35162940","31990349","14"
"4703","35162940","53387446","15"
"4704","35162940","38075179","16"
"4705","35162940","95701656","17"
"4706","35162940","97015711","18"
"4707","35162940","37537849","19"
"4708","35162940","74220210","20"
